{"cameraMode":{"drawMode":0,"name":"Shaded","section":"Shading Mode"},"sceneLighting":false,"audioPlay":false,"sceneViewState":{"m_AlwaysRefresh":false,"showFog":false,"showSkybox":false,"showFlares":false,"showImageEffects":false,"showParticleSystems":false,"showVisualEffectGraphs":true,"m_FxEnabled":true},"in2DMode":false,"pivot":{"x":4.172325134277344e-7,"y":0.8783712387084961,"z":0.005889609456062317},"rotation":{"x":0.053200215101242068,"y":0.30085211992263796,"z":-0.016772232949733735,"w":0.9520448446273804},"size":1.3227510452270508,"orthographic":false}