{"cameraMode":{"drawMode":0,"name":"Shaded","section":"Shading Mode"},"sceneLighting":true,"audioPlay":false,"sceneViewState":{"m_AlwaysRefresh":false,"showFog":true,"showSkybox":false,"showFlares":true,"showImageEffects":true,"showParticleSystems":true,"showVisualEffectGraphs":true,"m_FxEnabled":true},"in2DMode":false,"pivot":{"x":1.2133768796920777,"y":1.6642813682556153,"z":1.1099746227264405},"rotation":{"x":0.1008230596780777,"y":0.6070044040679932,"z":-0.07798396050930023,"w":0.7844170928001404},"size":0.988278865814209,"orthographic":false}