{"cameraMode":{"drawMode":0,"name":"Shaded","section":"Shading Mode"},"sceneLighting":true,"audioPlay":false,"sceneViewState":{"m_AlwaysRefresh":false,"showFog":true,"showSkybox":false,"showFlares":true,"showImageEffects":true,"showParticleSystems":true,"showVisualEffectGraphs":true,"m_FxEnabled":true},"in2DMode":false,"pivot":{"x":-0.26578617095947268,"y":1.173789381980896,"z":1.7358131408691407},"rotation":{"x":0.26283740997314455,"y":-0.4987182915210724,"z":0.16187579929828645,"w":0.8099408149719238},"size":1.6693483591079713,"orthographic":false}