{"cameraMode":{"drawMode":0,"name":"Shaded","section":"Shading Mode"},"sceneLighting":true,"audioPlay":false,"sceneViewState":{"m_AlwaysRefresh":false,"showFog":true,"showSkybox":false,"showFlares":true,"showImageEffects":true,"showParticleSystems":true,"showVisualEffectGraphs":true,"m_FxEnabled":true},"in2DMode":false,"pivot":{"x":0.7931060791015625,"y":0.6520004272460938,"z":1.6770000457763672},"rotation":{"x":0.11346200853586197,"y":0.7610354423522949,"z":-0.13848432898521424,"w":0.6235150694847107},"size":0.8660253882408142,"orthographic":true}